{"cameraMode":{"drawMode":0,"name":"Shaded","section":"Shading Mode"},"sceneLighting":true,"audioPlay":false,"sceneViewState":{"showFog":true,"showMaterialUpdate":false,"showSkybox":true,"showFlares":true,"showImageEffects":true,"showParticleSystems":true},"in2DMode":false,"pivot":{"x":0.0,"y":2.569999933242798,"z":-0.10000000894069672},"rotation":{"x":0.015134108252823353,"y":0.9588680863380432,"z":-0.0521317794919014,"w":0.2787269055843353},"size":1.5149257183074952,"orthographic":false}